{
    "stage_name": "待宰的兽群",
    "replacement_home": [
        {
            "location": [
                6,
                3
            ],
            "direction": "left"
        }
        
    ],
    "blacklist_location": [
        [
            6,
            1
        ],
        [
            6,
            2
        ]
    ],
    "deploy_plan": [
        {
            "groups": [
                "焰苇"
            ],
            "location": [
                3,
                3
            ],
            "direction": "right"
        },
        {
            "groups": [
                "地面阻挡",
                "处决者",
                "其他地面"
            ],
            "location": [
                6,
                3
            ],
            "direction": "left"
        },
        {
            "groups": [
                "凯尔希",
                "单奶"
            ],
            "location": [
                3,
                3
            ],
            "direction": "right"
        },        
        {
            "groups": [
                "高台输出",
                "辅助",                
                "其他高台"
            ],
            "location": [
                4,
                2
            ],
            "direction": "right"
        },
        {
            "groups": [
                "高台输出",
                "辅助",
                "群奶",                
                "其他高台"
            ],
            "location": [
                5,
                2
            ],
            "direction": "left"
        },
        {
            "groups": [
                "地面阻挡",
                "其他地面"
            ],
            "location": [
                6,
                4
            ],
            "direction": "up"
        },
        {
            "groups": [
                "高台输出",
                "辅助",                              
                "其他高台"
            ],
            "location": [
                3,
                2
            ],
            "direction": "down"
        }
    ]
}