{
    "stage_name": "苔手",
    "replacement_home": [
        {
            "location": [
                6,
                3
            ],
            "direction": "left"
        }
    ],
    "blacklist_location": [
        [
            7,
            2
        ],
        [
            6,
            4
        ],
        [
            4,
            4
        ],
        [
            5,
            4
        ]         
    ],
    "deploy_plan": [
        {
            "groups": [
                "狙击"
            ],
            "location": [
                2,
                2
            ],
            "direction": "right"
        },
        {
            "groups": [
                "凯尔希",
                "焰苇"
            ],
            "location": [
                6,
                2
            ],
            "direction": "down"
        },
        {
            "groups": [
                "地面阻挡",
                "处决者",
                "其他地面"
            ],
            "location": [
                6,
                3
            ],
            "direction": "left"
        },        
        {
            "groups": [
                "高台输出"
            ],
            "location": [
                4,
                2
            ],
            "direction": "up"
        },
        {
            "groups": [
                "奶"
            ],
            "location": [
                6,
                2
            ],
            "direction": "left"
        },
        {
            "groups": [
                "辅助"
            ],
            "location": [
                4,
                2
            ],
            "direction": "left"
        },
        {
            "groups": [
                "地面远程",
                "玛恩纳",
                "地面阻挡",
                "其他地面"
            ],
            "location": [
                7,
                3
            ],
            "direction": "left"
        }
    ]
}