{
    "stage_name": "度假村冤魂",
    "replacement_home": [
        {
            "location": [
                2,
                3
            ],
            "direction": "right"
        },
        {
            "location": [
                0,
                3
            ],
            "direction": "none"
        }
    ],
    "deploy_plan": [
        {
            "groups": [
                "焰苇",
                "召唤"
            ],
            "location": [
                4,
                4
            ],
            "direction": "up"
        },
        {
            "groups": [
                "地面阻挡",
                "处决者",
                "其他地面"
            ],
            "location": [
                3,
                3
            ],
            "direction": "right"
        }, 
        {
            "groups": [
                "凯尔希",                
                "单奶"
            ],
            "location": [
                1,
                4
            ],
            "direction": "right"
        },       
        {
            "groups": [
                "高台输出",
                "辅助",
                "群奶",
                "浊心斯卡蒂"
            ],
            "location": [
                2,
                4
            ],
            "direction": "right"
        },
        {
            "groups": [
                "地面远程",
                "地面阻挡",
                "处决者",
                "其他地面"
            ],
            "location": [
                2,
                3
            ],
            "direction": "right"
        },
        {
            "groups": [
                "处决者",
                "地面阻挡",
                "其他地面"
            ],
            "location": [
                7,
                2
            ],
            "direction": "down",
            "condition": [
                0,
                10
            ]
        },
        {
            "groups": [
                "奶",
                "高台输出",
                "狙击",
                "辅助",
                "其他高台"
            ],
            "location": [
                1,
                4
            ],
            "direction": "right"
        },
        {
            "groups": [
                "奶",
                "高台输出",
                "狙击",
                "辅助",
                "其他高台"
            ],
            "location": [
                2,
                4
            ],
            "direction": "right"
        },
        {
            "groups": [
                "处决者",
                "地面阻挡",
                "其他地面"
            ],
            "location": [
                3,
                4
            ],
            "direction": "up",
            "condition": [
                15,
                30
            ]
        }
    ],
    "retreat_plan":[
        {
            "location": [
                7,
                2
            ],
            "condition": [
                10,
                15
            ]
        }
    ]
}